ID,Nombre,Slug,SKU,Estado,Categorias,Precio,Stock,Imagenes
"335","Herramienta Victorinox Termo Sifon 1.9L","termo-sifon-1-9l","WAY158894","publish","Wayu",,,
"334","Set 4 Vasos Redondos Vidrio","set-4-vasos-redondos-vidrio","WAY131162","publish","Wayu",,,"1"
"333","Herramienta Victorinox Sacacorcho, C/corta","sacacorcho-c-corta-capsula-negro-rojo","NAV76924","publish","Victorinox",,,
"332","Herramienta Victorinox Rescuetool de 111 Mm","rescuetool-111-mm-14-funciones-fluc","NAV8623MWN","publish","Victorinox",,,
"331","Herramienta Victorinox Plato Redondo Piedra Pizarra 25CM","plato-redondo-piedra-pizarra-25cm","WAY121050","publish","Wayu",,,
"330","Herramienta Victorinox Plato Giratorio Piedra Pizarra Pizza","plato-giratorio-piedra-pizarra-pizza","WAY116773","publish","Wayu",,,
"329","Herramienta Victorinox Plancha Iron Cast 50.8-23.4CM","plancha-iron-cast-50-8-23-4cm","WAY143008","publish","Wayu",,,
"328","Herramienta Victorinox Pelador Ypso, Aserrado Doble Filo","pelador-ypso-aserrado-doble-filo","NAV609633","publish","Victorinox",,,
"327","Herramienta Victorinox Pelador De Tomate/kiwi, Filo Doble Dentado, Rojo","pelador-de-tomate-kiwi-filo-doble-dentado-rojo","NAV609231","publish","Victorinox",,,"1"
"326","Herramienta Victorinox Pelador De Papas, Rex, Alumino Rojo","pelador-de-papas-rex-alumino-rojo","NAV609001","publish","Victorinox",,,
"325","Herramienta Victorinox Pelador De Papas, Filo Doble, Mango Madera","pelador-de-papas-filo-doble-mango-madera","NAV50209","publish","Victorinox",,,
"324","Herramienta Victorinox Gorro Golf,rojo","gorro-golfrojo","NAV611022","publish","Victorinox",,,
"323","Herramienta Victorinox Gorro Golf,negro","gorro-golfnegro","NAV611023","publish","Victorinox",,,
"322","Herramienta Victorinox Gorro De Lana, Rojo","gorro-de-lana-rojo","NAV611130","publish","Victorinox",,,
"321","Herramienta Victorinox Gorro De Lana, Gris","gorro-de-lana-gris","NAV611132","publish","Victorinox",,,
"320","Gorro de Lana, Deluxe, Rojo","gorro-de-lana-deluxe-rojo","NAV611133","publish","Victorinox",,,"1"
"319","Herramienta Victorinox Gorro De Lana, Deluxe , Gris","gorro-de-lana-deluxe-gris","NAV611134","publish","Victorinox",,,
"318","Herramienta Victorinox Estuche Cuero C/cordon, Style Icon","estuche-cuero-c-cordon-style-icon","NAV406702","publish","Victorinox",,,
"317","Herramienta Victorinox Estuche Cuero C/cordon, Dark Ilusion","estuche-cuero-c-cordon-dark-ilusion","NAV406701","publish","Victorinox",,,
"316","Herramienta Victorinox Estu, 32,PIEL,CAFE,ADHESIVO","estu-32pielcafeadhesivo","NAV40548","publish","Victorinox",,,
"315","Herramienta Victorinox Estu, 29,PIEL,NEGRO,ADHESIVO","estu-29pielnegroadhesivo","NAV40523","publish","Victorinox",,,
"314","Herramienta Victorinox Estu, 15,PIEL,CAFE,ADHESIVO","estu-15pielcafeadhesivo","NAV40545","publish","Victorinox",,,
"313","Herramienta Victorinox Estu, 14,PIEL,CEFE,ADHESIVO","estu-14pielcefeadhesivo","NAV0543","publish","Victorinox",,,
"312","Herramienta Victorinox Cuchillo Verd,punt Mango ROJO 10CM","cuchillo-verdpunt-mango-roj0-10cm","NAV67701","publish","Victorinox",,,
"311","Herramienta Victorinox Cuchillo Verd,punt Mango Ny Neg 10","cuchillo-verdpunt-mango-ny-neg-10","NAV67703","publish","Victorinox",,,
"310","Herramienta Victorinox Cuchillo Verd,dent,punt Mango Ny Neg 8CM","cuchillo-verddentpunt-mango-ny-neg-8cm","NAV67633","publish","Victorinox",,,
"309","Herramienta Victorinox Cuchillo Verd, 2 Und, Puntiagudo,nylon Naranja","cuchillo-verd-2-und-puntiagudonylon-naranja","NAV676011","publish","Victorinox",,,
"308","Herramienta Victorinox Cuchillo Verd Hoj Rect Mang 8 Cm Rojo","cuchillo-verd-hoj-rect-mang-8-cm-rojo","NAV67601","publish","Victorinox",,,
"307","Herramienta Victorinox Cuchillo Verd Hoj Rect Mang 8 Cm Negro","cuchillo-verd-hoj-rect-mang-8-cm-negro","NAV67403","publish","Victorinox",,,
"306","Herramienta Victorinox Cuchillo VERD,2U,PUNT Mango Negro 8CM","cuchillo-verd2upunt-mango-negro-8cm","NAV67603B","publish","Victorinox",,,
"305","Herramienta Victorinox Cuchillo VERD,2U,DENT+LISO Verde 10 Cm","cuchillo-verd2udentliso-verde-10-cm","NAV67796L4D","publish","Victorinox",,,
"304","Herramienta Victorinox Cuchillo VERD,2U,DENT+LISO Rosado 10 Cm","cuchillo-verd2udentliso-rosado-10-cm","NAV67796L5D","publish","Victorinox",,,
"303","Herramienta Victorinox Cuchillo VERD,2U,DENT+LISO Negro 10CM","cuchillo-verd2udentliso-negro-10cm","NAV67793B","publish","Victorinox",,,
"302","Herramienta Victorinox Cuchillo VERD,2U,DENT+LISO Naranja 10 Cm","cuchillo-verd2udentliso-naranja-10-cm","NAV67796L9D","publish","Victorinox",,,
"301","Herramienta Victorinox Cuchillo VERD,2U,DENT+LISO Amarillo 10 Cm","cuchillo-verd2udentliso-amarillo-10-cm","NAV67796L8D","publish","Victorinox",,,
"300","Cuchillo Tomatey Mesa Swiss Classic 2uni","cuchillo-tomatey-mesa-swiss-classic-2uni","NAV678332","publish","Victorinox",,,"1"
"299","Herramienta Victorinox Cuchillo Prm","cuchillo-prm","WAY141498","publish","Wayu",,,
"298","Herramienta Victorinox Cuchillo Hammer Mediano","cuchillo-hammer-mediano","WAY151012","publish","Wayu",,,
"297","Herramienta Victorinox Cuchillo Hammer Grande","cuchillo-hammer-grande","WAY193072","publish","Wayu",,,
"296","Victorinox Cuchillo Chopper Con Funda Rustic Colecction","cuchillo-chopper-con-funda-rustic-colecction","WAY104108","publish","Wayu","0.00",,
"295","Herramienta Victorinox Cuchillo Carnicero, SWIBO,26CM","cuchillo-carnicero-swibo26cm","NAV5843126","publish","Victorinox",,,
"294","Herramienta Victorinox Cuchillo Carnicero, Hoja Recta, Mango Fibrox","cuchillo-carnicero-hoja-recta-mango-fibrox","NAV5520316","publish","Victorinox",,,
"293","Herramienta Victorinox Cordon 65 Mm Rojo/negro","cordon-65-mm-rojo-negro","NAV418244","publish","Victorinox",,,"2"
"292","Herramienta Victorinox Cordon 65 Mm El Negro","cordon-65-mm-el-negro","NAV418241","publish","Victorinox",,,"1"
"291","Herramienta Victorinox City.sport 34, Bk Whe Dial, Blk Silicone","city-sport-34-bk-whe-dial-blk-silicone","NAV011421129","publish","Victorinox",,,"1"
"290","Herramienta Victorinox Bateria 7PCS Granite Line","bateria-7pcs-granite-line","WAY122025","publish","Wayu",,,"1"
"289","Herramienta Victorinox Afilador Para Multiherramientas","afilador-para-multiherramientas","NAV433235","publish","Victorinox",,,"1"
"288","Herramienta Victorinox Afilador De Cuchillos, Rodillo Ceramico","afilador-de-cuchillos-rodillo-ceramico","NAV787213","publish","Victorinox",,,"1"
"287","Herramienta Victorinox Afilador De Cuchillos Gris/negro","afilador-de-cuchillos-gris-negro","NAV787146","publish","Victorinox",,,
"286","Herramienta Victorinox Afilador De Cuchillos Chicos","afilador-de-cuchillos-chicos","NAV787143","publish","Victorinox",,,
"285","Herramienta Victorinox Afilador De Cuchillo Rodillo Ceramico Rojo","afilador-de-cuchillo-rodillo-ceramico-rojo","NAV787210","publish","Victorinox",,,"1"
"284","Herramienta Victorinox Aceite Para Multitool, 10ml, Blister 10 ml","aceite-para-multitool-10ml-blister-10-ml","NAV433024","publish","Victorinox",,,
"283","Herramienta Victorinox Abrelatas Universal, Rojo","abrelatas-universal-rojo","NAV768571","publish","Victorinox",,,"1"
"282","Herramienta Victorinox Abrelatas Universal, Negro","abrelatas-universal-negro","NAV768573","publish","Victorinox",,,"1"
"281","Rodenticida Raticida Rasto Bloque Mini 500 g","raticida-rastop-pellet-500-g","ROD670147","publish","Rodenticidas",,,"1"
"280","Raticida Rastop Molienda 200 g","raticida-rastop-molienda-200-g","ROD636390","publish","Rodenticidas",,,"1"
"278","Rodenticida Raticida Rasto Pellet 250 g","raticida-rasto-pellet-250-g","ROD632201","publish","Rodenticidas",,,"1"
"277","Rodenticida Raticida Rastop Mini Bloque 250g","raticida-rasto-bloque-mini-500-g","ROD643540","publish","Rodenticidas",,,"2"
"276","Adherente Silwet Unidad","silwet","ADH890853","publish","Adherentes",,,"1"
"275","Adherente Nitro Fix Ntx 21 x 5 L","giberplus-liquido-x-5-l","ADH859937","publish","Adherentes",,,"1"
"274","Adherente Nitro Fix Ntx 21 x 1 L","giberplus-liquido-x-1-l","ADH847052","publish","Adherentes",,,"1"
"273","Toximol kg","toximol-kg-kilo","MOL566255","publish","Molusquicidas",,,"1"
"272","Molusquicida Toximol Pellet x 10 kg","toximol-pellet-x-10-kg","MOL522576","publish","Molusquicidas",,,"1"
"271","Molusquicida Clartex +r x 25 kg","clartex-r-x-25-kg","MOL538659","publish","Molusquicidas",,,
"270","Molusquicida Clartex +r x 1 kg","clartex-r-x-1-kg","MOL599628","publish","Molusquicidas",,,"1"
"269","Acaricida Abamax x 5 L","abamax-x-5-l","ACA724356","publish","Acaricidas",,,"1"
"268","Acaricida Abamax 1.8 EC Litro","abamax-1-8-ec-litro","ACA701025","publish","Acaricidas",,,"1"
"267","Rango Full 1 L","rangofull-x-1-l","HER1299971","publish","Herbicidas",,,"1"
"266","Rango Full 20 L","rango-full-x-20-l","HER1213472","publish","Herbicidas",,,"1"
"265","Rango 480 SL 20 L","rango-480-sl-x-20-l","HER1219746","publish","Herbicidas",,,"1"
"264","Herbicida Rango 480 SL x 1 L","rango-480-sl-x-1-l","HER1241584","publish","Herbicidas",,,"1"
"263","Herbicida Glifosato 480 % x 1 L","glifosato-480-x-1-l","HER1214944","publish","Herbicidas",,,"1"
"262","Herbicida Glifosato 480 % 5 L","glifosato-480-5-l","HER1285918","publish","Herbicidas",,,
"261","Herbicida Glifosato 480 % 20 L","glifosato-480-20-l","HER1272923","publish","Herbicidas",,,
"260","Herbicida Cortador x 5 L","cortador-x-5-l","HER1280302","publish","Herbicidas",,,
"259","Cortador Full 20 L","cortador-full-20-l","HER1225727","publish","Herbicidas",,,"1"
"258","Herbicida Cortador 480% 20 L","cortador-480-20-l","HER1242092","publish","Herbicidas",,,
"257","Cortador 48% SL 1 L","cortador-48-sl-x-1-l","HER1209205","publish","Herbicidas",,,"1"
"256","Herbicida Cortadol Full 1 L","cortadol-full-1-l","HER1282817","publish","Herbicidas",,,"1"
"255","Centurion Super 1 L","centurion-super-x-1-l","HER1230816","publish","Herbicidas",,,"1"
"254","Herbicida Arco 2,4D x 20 L","arco-24d-x-20-l","HER1255619","publish","Herbicidas",,,
"253","Herbicida Arco 2,4 D x 1 L","arco-24-d-x-1-l","HER1251765","publish","Herbicidas",,,"1"
"252","Ajax 50 WP 50 g","ajax-50-wp-x-50-g","HER1287278","publish","Herbicidas",,,"1"
"251","Herbicida Ajax 50 WP x 10 g Anasac","ajax-50-wp-x-10-g","HER1211051","publish","Herbicidas",,,"1"
"250","Natur'l Oleo 200 L","naturl-oleo-200-l-tambor","INS352886","publish","Insecticidas",,,"1"
"249","Insecticida Natur'l Oleo 20 L","naturl-oleo-20-l","INS316072","publish","Insecticidas",,,"1"
"248","Karate Zeon 1 L","karate-zeon-1-l","INS363259","publish","Insecticidas",,,"1"
"247","Insecticida Karate Zeon 0.25 L Und","karate-zeon-0-25-l-und","INS345160","publish","Insecticidas",,,
"246","Insecticida Delegate 300 g","delegate-300-g","INS319809","publish","Insecticidas",,,"1"
"245","Insecticida Cyperkill Litro","cyperkill-litro","INS343054","publish","Insecticidas",,,
"244","Cyperkill 100 mL","cyperkill-100-ml","INS358096","publish","Insecticidas",,,"1"
"243","Insecticida Bull x 1","bull-x-1","INS303204","publish","Insecticidas",,,"1"
"242","Insecticida Aceite Winspray 20 L","aceite-winspray-20-l","INS393702","publish","Insecticidas",,,
"241","Aceite Springhill 5 L","aceite-springhill-x-5-l","INS374271","publish","Insecticidas",,,"1"
"240","Insecticida Aceite Springhill x 1 L","aceite-springhill-x-1-l","INS332931","publish","Insecticidas",,,
"239","Absoluto 70 WP 250 g","absoluto-70-wp-x-250-g","INS432607","publish","Insecticidas",,,"1"
"238","Fungicida Score 250 EC x 1 L","score-250-ec-x-1-l","FUN491079","publish","Fungicidas",,,"1"
"237","Ridomil Gold Mz 1 kg","ridomil-gold-mz-x-1-kg","FUN480109","publish","Fungicidas",,,"1"
"236","Fungicida Quadris 5 L Syngenta","quadris-5-l-bidon","FUN474571","publish","Fungicidas",,,"1"
"235","Previcure Energy 840 SL L","previcure-energy-840-sl-litro","FUN449208","publish","Fungicidas",,,"1"
"234","Fungicida Premiado 250 EC Litro","premiado-250-ec-litro","FUN481922","publish","Fungicidas",,,"1"
"233","Podastik Max 15 L","podastik-max-15-l","FUN485123","publish","Fungicidas",,,"1"
"232","Phyton 27 1 L","phyton-27-x-1-l","FUN421486","publish","Fungicidas",,,"1"
"231","Fungicida Phyton 27 250 ML","phyton-27-250-ml","FUN416330","publish","Fungicidas",,,"1"
"230","Ospo Vi55 5 kg","ospo-vi55-x-5-kg","FUN475024","publish","Fungicidas",,,"1"
"229","Metalaxil 58 Mz 1 kg","metalaxil-58-mz-x-1-kg","FUN414835","publish","Fungicidas",,,"1"
"228","Fungicida Luna Tranquility x 5 L","luna-tranquility-x-5-l","FUN494910","publish","Fungicidas",,,"1"
"227","Fungicida Luna Experience 400 SC 1 L","luna-experience-400-sc-1-l","FUN444436","publish","Fungicidas",,,"1"
"226","Impulso 25sc 1 L","impulso-25sc-1-l","FUN494386","publish","Fungicidas",,,"1"
"225","Fungicida Goldazim 500SC Litro","goldazim-500sc-litro","FUN402887","publish","Fungicidas",,,"1"
"224","Frontal 425 SC 1 L","frontal-425-sc-x-1-l","FUN493729","publish","Fungicidas",,,"1"
"223","Fungicida Defense 80 WP Kilo","defense-80-wp-kilo","FUN435283","publish","Fungicidas",,,"1"
"222","Fungicida Dagger 50 WP Kilo","dagger-50-wp-kilo","FUN420071","publish","Fungicidas",,,"1"
"221","Cercobin 1 kg","cercobin-1-kg","FUN469437","publish","Fungicidas",,,"1"
"220","Fungicida Caldera 250 EC Litro","caldera-250-ec-litro","FUN494402","publish","Fungicidas",,,"1"
"219","Fungicida Benomyl Kilo","benomyl-kilo","FUN419363","publish","Fungicidas",,,"1"
"218","Fungicida Bellis Kilo","bellis-kilo","FUN420742","publish","Fungicidas",,,"1"
"217","Fungicida Azufre Floable An 20 L","azufre-floable-an-20-l","FUN402522","publish","Fungicidas",,,"1"
"216","Amistar Top 1 L","amistar-top-x-1-l","FUN492646","publish","Fungicidas",,,"1"
"215","Aliette 1 kg","aliette-1-kg","FUN405592","publish","Fungicidas",,,"1"
"214","Agrocopper Sp98 1 kg Bayer","agrocopper-sp98-1-kg","FUN497062","publish","Fungicidas",,,"1"
"213","Fungicida Acoidal WG 25 kg BASF","acoidal-wg-25-kg","FUN441405","publish","Fungicidas",,,"1"
"212","Fungicida Acoidal Flo x 10 L","acoidal-flo-x-10-l","FUN418857","publish","Fungicidas",,,"1"
"211","Fungicida Ácido Fosforoso 25 kg","acido-fosforoso-25-kg","FUN490813","publish","Fungicidas",,,"1"
"210","Fungicida Ácido Fosfórico x 25 kg","acido-fosforico-x-25-kg","FUN499185","publish","Fungicidas",,,"1"
"209","Fertilizante Urea Granulada Saco","urea-granulada-saco","FER158083","publish","Fertilizantes",,,"1"
"208","Up-Sorber-X-18-L","up-sorber-x-18-l","FER165433","publish","Fertilizantes",,,"1"
"207","Ultrasol Sop WS 9, 5 kg 9.5 kg","ultrasol-sop-ws-95-kg-9-5-kg","FER158665","publish","Fertilizantes",,,"1"
"206","Fertilizante Ultrasol Prop (12-58-3)","ultrasol-prop-12-58-3-saco","FER140038","publish","Fertilizantes",,,"2"
"205","Fertilizante Ultrasol Palto 22-5-12 Saco","ultrasol-palto-22-5-12-saco","FER193255","publish","Fertilizantes",,,"1"
"204","Fertilizante Ultrasol Nit-one 25-0-5 Saco","ultrasol-nit-one-25-0-5-saco","FER189240","publish","Fertilizantes",,,"1"
"203","Fertilizante Ultrasol Multiproposito Saco","ultrasol-multiproposito-saco","FER198112","publish","Fertilizantes",,,"1"
"202","Fertilizante Ultrasol Magnit x 25 kg","ultrasol-magnit-x-25-kg","FER185958","publish","Fertilizantes",,,"1"
"201","Fertilizante Ultrasol Kplus x 25 kg","ultrasol-kplus-x-25-kg","FER158490","publish","Fertilizantes",,,"1"
"200","Ultrasol K Acid 25 kg","ultrasol-k-acid-x-25-kg","FER114561","publish","Fertilizantes",,,"1"
"199","Fertilizante Ultrasol Inicial Frutilla","ultrasol-inicial-frutilla-saco","FER132948","publish","Fertilizantes",,,
"198","Fertilizante Ultrasol Fruta x 25 kg","ultrasol-fruta-x-25-kg","FER121994","publish","Fertilizantes",,,
"197","Fertilizante Ultrasol Desarrollo x 25 kg","ultrasol-desarrollo-x-25-kg","FER126703","publish","Fertilizantes",,,"1"
"196","Ultrasol Crecimiento Saco","ultrasol-crecimiento-saco","FER148682","publish","Fertilizantes",,,"1"
"195","Fertilizante Ultrasol Calcium x 25 kg","ultrasol-calcium-x-25-kg","FER163244","publish","Fertilizantes",,,"1"
"194","Super Fosfato Triple Saco","super-fosfato-triple-saco","FER123024","publish","Fertilizantes",,,"1"
"193","Fertilizante Sulfato Zinc 25 kg","sulfato-zinc-25-kg","FER117181","publish","Fertilizantes",,,"1"
"192","Fertilizante Sulfato Potasio Crist Saco","sulfato-potasio-crist-saco","FER147099","publish","Fertilizantes",,,
"191","Fertilizante Sulfato De Magnesio Saco","sulfato-de-magnesio-saco","FER144419","publish","Fertilizantes",,,"1"
"190","Fertilizante Salitre Pro K x 25 kg","salitre-pro-k-x-25-kg","FER123668","publish","Fertilizantes",,,"1"
"189","Novatec Solub 21 25 kg","novatec-solub-21-25-kg","FER116327","publish","Fertilizantes",,,"1"
"188","Fertilizante Novatec N-max 25 kg","novatec-n-max-25-kg","FER185229","publish","Fertilizantes",,,"1"
"187","Novatec Classic 12-8-16 25 kg","novatec-classic-12-8-16-x-25-kg","FER137931","publish","Fertilizantes",,,"1"
"186","Fertilizante Nitrato Potasio Crist Saco","nitrato-potasio-crist-saco","FER124425","publish","Fertilizantes",,,"1"
"185","Fertilizante Nitrato Magnesio Saco","nitrato-magnesio-saco","FER152107","publish","Fertilizantes",,,"1"
"184","Fertilizante Nitrato De Calcio 25 kg","nitrato-de-calcio-25-kg","FER134463","publish","Fertilizantes",,,"1"
"183","Nitracid 10 L","nitracid-10-l","FER198523","publish","Fertilizantes",,,"1"
"182","Mezcla Monog 12-12-17 Durasop 25 Saco","mezcla-monog-12-12-17-x-25-saco","FER193427","publish","Fertilizantes",,,"1"
"181","Fertilizante Hakaphos Base 25 kg","hakaphos-base-25-kg","FER146810","publish","Fertilizantes",,,"1"
"180","Fertilizante Fosfato Monopotasico Saco","fosfato-monopotasico-saco","FER147113","publish","Fertilizantes",,,"1"
"179","Fertilizante Fosfato Monoamonico Saco","fosfato-monoamonico-saco","FER125084","publish","Fertilizantes",,,
"178","Fertilizante Fosfato Monoamónico Granulado Saco","fosfato-monoamonico-granulado-saco","FER106795","publish","Fertilizantes",,,"1"
"177","Fertilizante Calcinit B x 25 kg","calcinit-b-x-25-kg","FER138271","publish","Fertilizantes",,,"1"
"176","Basacote Plus 9m","basacote-plus-9m","FER108365","publish","Fertilizantes",,,"1"
"175","Basacote Plus 6 M","basacote-plus-6-m","FER154653","publish","Fertilizantes",,,"1"
"174","Basacote Plus 3m","basacote-plus-3m","FER157310","publish","Fertilizantes",,,"1"
"173","Algasoil 20 kg","algasoil-x-20-kg","FER177452","publish","Fertilizantes",,,"1"
"172","Agri Suelo Base Frutillas 20 L","agri-suelo-base-frutillas-20-l","FER163546","publish","Fertilizantes",,,"1"
"171","Agri Suelo Base Frutillas 10 L","agri-suelo-base-frutillas-10-l","FER131993","publish","Fertilizantes",,,"1"
"170","Fertilizante Agri Produccion Frutillas 5 L","agri-produccion-frutillas-5-l","FER197584","publish","Fertilizantes",,,
"169","Fertilizante Agri Produccion Frutilla 10 L","agri-produccion-frutilla-10-l","FER198524","publish","Fertilizantes",,,
"168","Fertilizante Agri Crecimiento Frutillas 5 L","agri-crecimiento-frutillas-5-l","FER175807","publish","Fertilizantes",,,
"167","Fertilizante Agri Crecimiento Frutillas 20 L","agri-crecimiento-frutillas-20-l","FER102637","publish","Fertilizantes",,,"1"
"166","Fertilizante Agri Crecimiento Frutillas 10 L","agri-crecimiento-frutillas-10-l","FER159479","publish","Fertilizantes",,,
"165","Fertilizante Agri Balance Suelo Base 5 L","agri-balance-suelo-base-5-l","FER172414","publish","Fertilizantes",,,"1"
"164","Fertilizante Ácido Bórico 25 kg","acido-borico-25-kg","FER198526","publish","Fertilizantes",,,"1"
"163","Foliar x Cite Litro","x-cite-litro","FOL233423","publish","Foliares",,,
"162","Foliar Zurich x 15 L","zurich-x-15-l","FOL219770","publish","Foliares",,,"1"
"161","Foliar Xilemove 02 x 20 L","xilemove-02-x-20-l","FOL295488","publish","Foliares",,,
"160","Foliar Xilemove 02 x 10 L","xilemove-02-x-10-l","FOL298924","publish","Foliares",,,"1"
"159","Foliar Vitafoils Ca-b-zn Bidón","vitafoils-ca-b-zn-bidon","FOL265766","publish","Foliares",,,"1"
"158","Veca Max Fulvic 45% 20 L","veca-max-fulvic-45-x-20-l","FOL289817","publish","Foliares",,,"1"
"157","Veca Humic Root 20 L","veca-humic-root-x-20-l","FOL225625","publish","Foliares",,,"1"
"156","Veca Bloom 5 L","veca-bloom-x-5-l","FOL253813","publish","Foliares",,,"1"
"155","Veca Bloom 1 L","veca-bloom-x-1-l","FOL281254","publish","Foliares",,,"1"
"154","Veca Amin Sugar 5 L","veca-amin-sugar-5-l","FOL239068","publish","Foliares",,,"1"
"153","Veca Amin Sugar 1 L","veca-amin-sugar-1-l","FOL259260","publish","Foliares",,,"1"
"152","Transflo Brot Up 5 L","transflo-brot-up-x-5-l","FOL297535","publish","Foliares",,,"1"
"151","Foliar Transflo Brot Up x 20 L","transflo-brot-up-x-20-l","FOL211106","publish","Foliares",,,
"150","Foliar Transflo Brot Up x 1 L","transflo-brot-up-x-1-l","FOL206758","publish","Foliares",,,"1"
"149","Trainer 5 L","trainer-x-5-l","FOL203017","publish","Foliares",,,"1"
"148","Trainer 20 L","trainer-x-20-l","FOL293025","publish","Foliares",,,"1"
"147","Foliar Trainer x 1 L","trainer-x-1-l","FOL292718","publish","Foliares",,,"1"
"146","Terra Sorb Radicular 1","terra-sorb-radicular-x-1-l","FOL224413","publish","Foliares",,,"1"
"145","Terra Sorb Foliar 5 L","terra-sorb-foliar-x-5-l","FOL277374","publish","Foliares",,,"1"
"144","Foliar Terra Sorb Foliar x 20 L","terra-sorb-foliar-x-20-l","FOL233165","publish","Foliares",,,"1"
"143","Foliar Terra Sorb Foliar x 1 L","terra-sorb-foliar-x-1-l","FOL228676","publish","Foliares",,,
"142","Foliar Terra Radicular x 5 L","terra-radicular-x-5-l","FOL277444","publish","Foliares",,,"1"
"141","Foliar Terra Radicular x 20 L","terra-radicular-x-20-l","FOL240476","publish","Foliares",,,
"140","Tec Bom 1 L","tecbom-x-1-l","FOL203905","publish","Foliares",,,"1"
"139","Foliar Tec Bom x 5 Litro","tec-bom-x-5-litro","FOL298077","publish","Foliares",,,
"138","Foliar Tec Bom x 20 Bidón","tec-bom-x-20-bidon","FOL226136","publish","Foliares",,,
"137","Foliar Suelo Fert HF-80 x 25 Saco","suelo-fert-hf-80-x-25-saco","FOL222286","publish","Foliares",,,"1"
"136","Foliar Stop Spi 5L Nt Bidón","stop-spi-5l-bidon","FOL221734","publish","Foliares",,,
"135","Stoller Boro 01 L","stoller-boro-01-l","FOL299519","publish","Foliares",,,"1"
"134","Foliar Stimulate x 20 L","stimulate-x-20-l","FOL208926","publish","Foliares",,,"1"
"133","Foliar Stimulate Unidad","stimulate","FOL293204","publish","Foliares",,,
"132","Foliar Stimulate Fruits Ziser Unidad","stimulate-fruits","FOL238391","publish","Foliares",,,"1"
"131","Foliar Stimplex x 10 L","stimplex-x-10-l","FOL233883","publish","Foliares",,,"1"
"130","Foliar Spurt 5 L","spurt-5-l","FOL292553","publish","Foliares",,,"1"
"129","Foliar Soilactive 1 L","soilactive-1-l","FOL262838","publish","Foliares",,,"1"
"128","Silium 5 L","silium-x-5-l","FOL236978","publish","Foliares",,,"1"
"127","Foliar Silium x 20 L","silium-x-20-l","FOL239206","publish","Foliares",,,"1"
"126","Foliar Silium x 1 L","silium-x-1-l","FOL245466","publish","Foliares",,,
"125","Foliar Sett Calcio 20 L","sett-calcio-20-l","FOL228974","publish","Foliares",,,"1"
"124","Foliar Rootgrow Unidad","rootgrow","FOL202279","publish","Foliares",,,"1"
"123","Foliar Rootex x 10 kg","rootex-x-10-kg","FOL242534","publish","Foliares",,,"1"
"122","Foliar Rootex x 1 kg","rootex-x-1-kg","FOL288127","publish","Foliares",,,
"121","Foliar Root Feed Concentrado 20 L","root-feed-concentrado-20-l","FOL281942","publish","Foliares",,,"1"
"120","Foliar Rizogen 5 L","rizogen-5-l","FOL263369","publish","Foliares",,,
"119","Foliar Rizogen 1 Unidad","rizogen-1","FOL242079","publish","Foliares",,,"1"
"118","Foliar Rizoactive Bio Unidad","rizoactive-bio","FOL263692","publish","Foliares",,,"1"
"117","Foliar Pilatus Unidad","pilatus","FOL219680","publish","Foliares",,,"1"
"116","Foliar Phytness x 1 L","phytness-x-1-l","FOL203449","publish","Foliares",,,"1"
"115","Foliar Photon 50SG Env 100 g","photon-50sg-env-100-g","FOL203099","publish","Foliares",,,"1"
"114","Foliar Pampercrop Dry 5 L","pampercrop-dry-5-l","FOL255825","publish","Foliares",,,"1"
"113","Foliar Pack Producción Frutillas 4 Tambores Paquete","pack-produccion-frutillas-4-tambores-paquete","FOL261552","publish","Foliares",,,"1"
"112","Foliar Octogon x 1 L","octogon-x-1-l","FOL268084","publish","Foliares",,,"1"
"111","Nutrifol P 5 kg","nutrifol-p-x-5-kg","FOL234857","publish","Foliares",,,"1"
"110","Nutrifol K 5 kg","nutrifol-k-x-5-kg","FOL208244","publish","Foliares",,,"1"
"109","Nitrate Balancer 1 L","nitrate-balancer-x-1-l","FOL201927","publish","Foliares",,,"1"
"108","Nanoser Mg 250 g","nanoser-mg-250-g","FOL214078","publish","Foliares",,,"1"
"107","Nanoser 19-19-19 1 kg","nanoser-19-19-19-x-1-kg","FOL274915","publish","Foliares",,,"1"
"106","Nanoser 00-52-34 1 kg","nanoser-00-52-34-1-kg","FOL269829","publish","Foliares",,,"1"
"105","Foliar Nanocrop Calcio x 1 L","nanocrop-calcio-x-1-l","FOL259601","publish","Foliares",,,"1"
"104","Foliar Molibo x 5 kg","molibo-x-5-kg","FOL202429","publish","Foliares",,,"1"
"103","Foliar Mobet Bidón","mobet-bidon","FOL236139","publish","Foliares",,,"1"
"102","Micromix Basic 5 L","micromix-basic-x-5-l","FOL232744","publish","Foliares",,,"1"
"101","Foliar Micromix Basic 1 L","micromix-basic-1-l","FOL228283","publish","Foliares",,,
"100","Foliar Microcat Ten x 5 L","microcat-ten-x-5-l","FOL232759","publish","Foliares",,,"1"
"99","Foliar Metalosate Calcio Unidad","metalosate-calcio","FOL202689","publish","Foliares",,,"1"
"98","Maxifrut 5 L","maxifrut-x-5-l","FOL297184","publish","Foliares",,,"1"
"97","Foliar Maxifrut x 20 L","maxifrut-x-20-l","FOL230389","publish","Foliares",,,"1"
"96","Foliar Maxifrut x 1 L","maxifrut-x-1-l","FOL254530","publish","Foliares",,,"1"
"95","Maorvalle 20 Bidón","maorvalle-20-bidon","FOL235419","publish","Foliares",,,"1"
"94","Foliar Levoamin x 5 Bidón","levoamin-x-5-bidon","FOL245658","publish","Foliares",,,"1"
"93","Levoamin Unidad","levoamin","FOL239901","publish","Foliares",,,"1"
"92","Foliar Kendal x 1 L","kendal-x-1-l","FOL283151","publish","Foliares",,,"1"
"91","Foliar Kamasol Humic 20 kg","kamasol-humic-20-kg","FOL226273","publish","Foliares",,,"1"
"90","Foliar Kaliter Novosal x 5 L","kaliter-novosal-x-5-l","FOL210986","publish","Foliares",,,"1"
"89","Foliar Kaliter GB-30 Bidón","kaliter-gb-30-bidon","FOL222104","publish","Foliares",,,"1"
"88","Foliar KAMAB-26 S x 1.5 kg","kamab-26-s-x-1-5-kg","FOL293228","publish","Foliares",,,"1"
"87","Foliar Ibicalcio Neutrasal 1 x 15 L","ibicalcio-neutrasal-1-x-15-l","FOL209306","publish","Foliares",,,
"86","Humic Total 10 kg","humic-total-x-10-kg","FOL249534","publish","Foliares",,,"1"
"85","Foliar Hortimix x 15 kg","hortimix-x-15-kg","FOL280148","publish","Foliares",,,
"84","Hortihydro 22 kg","hortihydro-x-22-kg","FOL286661","publish","Foliares",,,"1"
"83","Foliar Hortiboost x 10 L","hortiboost-x-10-l","FOL273831","publish","Foliares",,,"1"
"82","Foliar Hortiboost x 1 L","hortiboost-x-1-l","FOL261388","publish","Foliares",,,"1"
"81","Harv More 10-55-10 25 kg","harvest-more-10-55-10-x-25-kg","FOL259578","publish","Foliares",,,"1"
"80","Harv More 10-55-10 1 kg","harvest-more-10-55-10-x-1-kg","FOL218669","publish","Foliares",,,"1"
"79","Foliar Harv More 5-5-45 25 kg","harv-more-5-5-45-25-kg","FOL286622","publish","Foliares",,,"1"
"78","Foliar Harv More 5-5-45 1 kg","harv-more-5-5-45-1-kg","FOL281640","publish","Foliares",,,"1"
"77","Foliar Harv More 30-10-10 25 kg","harv-more-30-10-10-25-kg","FOL228888","publish","Foliares",,,"1"
"76","Foliar Harv More 30-10-10 1 kg","harv-more-30-10-10-1-kg","FOL238745","publish","Foliares",,,"1"
"75","Foliar Harv More 20-20-20 25 kg","harv-more-20-20-20-25-kg","FOL260032","publish","Foliares",,,
"74","Foliar Harv More 20-20-20 1 kg","harv-more-20-20-20-1-kg","FOL284363","publish","Foliares",,,"1"
"73","Foliar Fusamel Paste 14-11-55 x 20 kg","fusamel-paste-14-11-55-x-20-kg","FOL231193","publish","Foliares",,,"1"
"72","Frutaliv 1 L","frutaliv-x-1-l","FOL277627","publish","Foliares",,,"1"
"71","Foliar Frutaliv 5 L","frutaliv-5-l","FOL258516","publish","Foliares",,,"1"
"70","Foliar Frutaliv 20 L Bioamerica Bidón","frutaliv-20-l-bidon","FOL241550","publish","Foliares",,,"1"
"69","Foliar Fosmax x 5 L Fervalle","fosmax-x-5-l","FOL202985","publish","Foliares",,,"1"
"68","Foliar Fosmax x 20 L Fervalle","fosmax-x-20-l","FOL258985","publish","Foliares",,,"1"
"67","Fosfimax 60-40- 1 Unidad","fosfimax-60-40-x-1","FOL249602","publish","Foliares",,,"1"
"66","Foliar Fosfimax 60-40 x 10 Saco","fosfimax-60-40-x-10-saco","FOL224380","publish","Foliares",,,"1"
"65","Fosfimax 40-20 5 L","fosfimax-40-20-x-5-l","FOL202702","publish","Foliares",,,"1"
"64","Foliar Fosfimax 40-20 x 1 L","fosfimax-40-20-x-1-l","FOL280928","publish","Foliares",,,"1"
"63","Foliar Fosfimax 20 L Bidón","fosfimax-20-l-bidon","FOL202932","publish","Foliares",,,"1"
"62","Foliar Foly Zime x 20 L","foly-zime-x-20-l","FOL242252","publish","Foliares",,,
"61","Foliar Foly Zime x 10 L","foly-zime-x-10-l","FOL216461","publish","Foliares",,,"1"
"60","Foliar Foly Zime Litro","foly-zime-litro","FOL259704","publish","Foliares",,,"1"
"59","Foliar Foliplus x 1 L","foliplus-x-1-l","FOL207272","publish","Foliares",,,"1"
"58","Foliar Flanquer Box x 5 L","flanquer-box-x-5-l","FOL275763","publish","Foliares",,,"1"
"57","Foliar Flanquer Box x 20 L","flanquer-box-x-20-l","FOL257083","publish","Foliares",,,"1"
"56","Foliar Flanquer Box x 1 L","flanquer-box-x-1-l","FOL242345","publish","Foliares",,,"1"
"55","Foliar Evolhumic Bidon x 19","evolhumic-x-19","FOL228398","publish","Foliares",,,"1"
"54","Foliar Ethylen 48 SL 1 L","ethylen-48-sl-1-l","FOL282466","publish","Foliares",,,"1"
"53","Eckosil 1 L","eckosil-x-1-l","FOL246463","publish","Foliares",,,"1"
"52","Foliar Defender Calcio x 5 L","defender-calcio-x-5-l","FOL285101","publish","Foliares",,,"1"
"51","Foliar Defender Calcio x 1 Litro","defender-calcio-x-1-litro","FOL293478","publish","Foliares",,,"1"
"50","Foliar Cuvalle x 20 L","cuvalle-x-20-l","FOL245420","publish","Foliares",,,"1"
"49","Foliar Cuperdem 5 L","cuperdem-5-l","FOL284732","publish","Foliares",,,"1"
"48","Foliar Cuperdem 1 L","cuperdem-1-l","FOL298770","publish","Foliares",,,"1"
"47","Citogrower 1 L","citogrower-x-1-l","FOL239514","publish","Foliares",,,"1"
"46","Foliar Bsoil x 20 L","bsoil-x-20-l","FOL234486","publish","Foliares",,,"1"
"45","Brotovalle 5 L Fervalle","brotovalle-x-5-l","FOL223217","publish","Foliares",,,"1"
"44","Foliar Brotovalle x 1 L","brotovalle-x-1-l","FOL259220","publish","Foliares",,,"1"
"43","Brotone 5 L","brotone-x-5-l","FOL282618","publish","Foliares",,,"1"
"42","Foliar Brotone x 1 L","brotone-x-1-l","FOL210964","publish","Foliares",,,"1"
"41","Foliar Botanfoliar Bidón","botanfoliar-bidon","FOL237500","publish","Foliares",,,"1"
"40","Bioveca Raiz 500 g","bioveca-raiz-500-g","FOL211614","publish","Foliares",,,"1"
"39","Foliar Biophyt x 1 Litro","biophyt-x-1-litro","FOL210815","publish","Foliares",,,"1"
"38","Foliar Biofruit 600 g","biofruit-600-g","FOL252827","publish","Foliares",,,
"37","Foliar Bioaminol L 20 L","bioaminol-l-20-l","FOL221242","publish","Foliares",,,"1"
"36","Foliar Bio-improver 1 L","bio-improver-1-l","FOL288151","publish","Foliares",,,"1"
"35","Foliar Bio Forge x 20 L","bio-forge-x-20-l","FOL269371","publish","Foliares",,,"1"
"34","Foliar Bio Forge x 1 L","bio-forge-x-1-l","FOL224703","publish","Foliares",,,"1"
"33","Foliar Basfoliar Kelp x 20 Bidón","basfoliar-kelp-x-20-bidon","FOL240200","publish","Foliares",,,"1"
"32","Foliar Basfoliar Kelp SL 5 L","basfoliar-kelp-sl-5-l","FOL265729","publish","Foliares",,,
"31","Foliar Basfoliar Kelp SL 1 L","basfoliar-kelp-sl-1-l","FOL265366","publish","Foliares",,,"1"
"30","Foliar Basel 5 L","basel-5-l","FOL205303","publish","Foliares",,,"1"
"29","Foliar Back-mo Bidón","back-mo-bidon","FOL295314","publish","Foliares",,,"1"
"28","Foliar BRIO440 1 L","brio440-1-l","FOL230030","publish","Foliares",,,"1"
"27","Foliar Avivo 1 L","avivo-1-l","FOL242877","publish","Foliares",,,"1"
"26","Aminoterra 20 Bidón","aminoterra-x-20-bidon","FOL254015","publish","Foliares",,,"1"
"25","Amino Energy 1 kg","amino-energy-1kl-kilo","FOL235242","publish","Foliares",,,"1"
"24","Algrow 20 L","algrow-x-20-l","FOL217712","publish","Foliares",,,"1"
"23","Foliar Algrow x 10 L","algrow-x-10-l","FOL260188","publish","Foliares",,,"1"
"22","Foliar Algrow x 1 L","algrow-x-1-l","FOL229398","publish","Foliares",,,
"21","Foliar Algarium x 20 L","algarium-x-20-l","FOL233555","publish","Foliares",,,"1"
"20","Foliar Algrow x 1 L","algarium-x-1-l","FOL279956","publish","Foliares",,,
"19","Algafert 5 L","algafert-5-l","FOL285657","publish","Foliares",,,"1"
"18","Foliar Algafert 1 L","algafert-1-l","FOL200944","publish","Foliares",,,"1"
"17","Agribest 1 Unidad","agribest-x-1","FOL263642","publish","Foliares",,,"1"
"16","Alga-600 5 kg","alga-600-x-5-kg","FOL273054","publish","Foliares",,,"1"
"15","Foliar ALGA-600 kg","alga-600-kg","FOL273540","publish","Foliares",,,
